{
  "title": "Initial Connection - 100 Nodes",
  "grid_size": 5,
  "nodes_x": [4.83474, 3.39045, 0.549028, 3.44066, 4.09421, 2.75689, 0.774407, 3.57875, 1.21891, 0.828425, 3.09259, 3.76965, 2.27165, 2.8312, 0.512101, 4.87899, 4.14533, 2.71661, 0.827357, 2.09433, 3.88012, 2.01086, 1.24729, 1.58559, 3.60469, 4.28617, 3.64925, 2.78939, 1.10263, 0.258797, 0.458388, 1.32008, 1.00406, 3.51268, 1.15116, 2.5045, 1.60146, 1.845, 4.38429, 0.542009, 2.29163, 4.241, 0.748466, 3.29005, 1.6419, 3.47026, 1.14795, 2.67388, 1.08142, 4.31013, 0.803705, 0.721763, 4.21781, 2.39265, 3.88287, 1.22578, 1.77831, 3.67794, 3.75195, 2.02597, 2.17673, 4.55153, 3.85647, 2.92108, 2.70363, 2.54662, 4.22498, 4.20392, 1.34434, 2.6928, 3.59676, 0.820643, 4.21934, 4.48775, 2.17719, 2.15735, 3.65062, 4.49477, 0.0158696, 2.44865, 1.85339, 4.56633, 1.01047, 1.81387, 0.252998, 0.691244, 2.53609, 2.91696, 4.42518, 2.46727, 0.698569, 3.25114, 4.66338, 3.1988, 1.21418, 3.05002, 2.16971, 0.619221, 0.912809, 3.82199],
  "nodes_y": [0.380261, 0.182348, 0.0895718, 3.28761, 2.99326, 0.33021, 1.17725, 1.59658, 0.794702, 4.67574, 0.0541704, 2.60949, 3.82015, 1.54515, 3.73028, 3.04529, 0.237587, 3.71197, 0.482498, 2.28263, 3.39961, 1.85232, 0.96942, 2.37892, 2.01743, 1.12827, 2.46864, 1.21479, 3.46309, 0.894192, 1.23997, 3.764, 0.19425, 2.52907, 3.01447, 1.48747, 4.30601, 0.393231, 1.60726, 4.85321, 0.205237, 0.91113, 0.655538, 3.98068, 0.413221, 4.77737, 3.48262, 2.4105, 4.48973, 2.28919, 1.08539, 3.99884, 1.08448, 1.80395, 3.24808, 2.93649, 3.1135, 1.32038, 2.78054, 1.89444, 1.05853, 3.18613, 2.88125, 3.29279, 4.39467, 1.92938, 2.62597, 3.69488, 1.1388, 0.216376, 0.580462, 1.3274, 0.52797, 2.93344, 1.53981, 1.72506, 3.81832, 4.39314, 1.39012, 1.49968, 3.21085, 3.66741, 0.0982696, 0.23484, 3.90393, 3.04392, 2.82479, 0.505539, 4.26695, 4.60875, 4.16135, 1.02252, 4.14258, 4.95239, 0.494858, 2.90201, 1.27201, 3.00256, 0.496078, 4.06003],
  "edges": [
    [0, 1],
    [0, 16],
    [0, 25],
    [0, 38],
    [0, 41],
    [0, 52],
    [0, 57],
    [0, 70],
    [0, 72],
    [1, 5],
    [1, 7],
    [1, 10],
    [1, 13],
    [1, 16],
    [1, 25],
    [1, 27],
    [1, 40],
    [1, 41],
    [1, 52],
    [1, 57],
    [1, 60],
    [1, 69],
    [1, 70],
    [1, 72],
    [1, 87],
    [1, 91],
    [2, 6],
    [2, 8],
    [2, 18],
    [2, 22],
    [2, 29],
    [2, 30],
    [2, 32],
    [2, 37],
    [2, 42],
    [2, 44],
    [2, 50],
    [2, 68],
    [2, 71],
    [2, 78],
    [2, 82],
    [2, 83],
    [2, 94],
    [2, 98],
    [3, 4],
    [3, 11],
    [3, 12],
    [3, 15],
    [3, 17],
    [3, 20],
    [3, 24],
    [3, 26],
    [3, 33],
    [3, 43],
    [3, 45],
    [3, 47],
    [3, 49],
    [3, 54],
    [3, 58],
    [3, 61],
    [3, 62],
    [3, 63],
    [3, 64],
    [3, 66],
    [3, 67],
    [3, 73],
    [3, 76],
    [3, 81],
    [3, 86],
    [3, 88],
    [3, 92],
    [3, 95],
    [3, 99],
    [4, 7],
    [4, 11],
    [4, 15],
    [4, 20],
    [4, 24],
    [4, 26],
    [4, 33],
    [4, 38],
    [4, 43],
    [4, 49],
    [4, 54],
    [4, 58],
    [4, 61],
    [4, 62],
    [4, 63],
    [4, 66],
    [4, 67],
    [4, 73],
    [4, 76],
    [4, 77],
    [4, 81],
    [4, 88],
    [4, 92],
    [4, 95],
    [4, 99],
    [5, 10],
    [5, 13],
    [5, 16],
    [5, 27],
    [5, 35],
    [5, 37],
    [5, 40],
    [5, 44],
    [5, 57],
    [5, 60],
    [5, 69],
    [5, 70],
    [5, 72],
    [5, 74],
    [5, 79],
    [5, 83],
    [5, 87],
    [5, 91],
    [5, 96],
    [6, 8],
    [6, 18],
    [6, 21],
    [6, 22],
    [6, 23],
    [6, 29],
    [6, 30],
    [6, 32],
    [6, 37],
    [6, 42],
    [6, 44],
    [6, 50],
    [6, 59],
    [6, 60],
    [6, 68],
    [6, 71],
    [6, 74],
    [6, 75],
    [6, 78],
    [6, 82],
    [6, 83],
    [6, 94],
    [6, 96],
    [6, 98],
    [7, 11],
    [7, 13],
    [7, 16],
    [7, 24],
    [7, 25],
    [7, 26],
    [7, 27],
    [7, 33],
    [7, 35],
    [7, 38],
    [7, 41],
    [7, 47],
    [7, 49],
    [7, 52],
    [7, 53],
    [7, 57],
    [7, 58],
    [7, 62],
    [7, 65],
    [7, 66],
    [7, 70],
    [7, 72],
    [7, 74],
    [7, 75],
    [7, 79],
    [7, 87],
    [7, 91],
    [7, 95],
    [7, 96],
    [8, 18],
    [8, 21],
    [8, 22],
    [8, 29],
    [8, 30],
    [8, 32],
    [8, 35],
    [8, 37],
    [8, 40],
    [8, 42],
    [8, 44],
    [8, 50],
    [8, 59],
    [8, 60],
    [8, 68],
    [8, 71],
    [8, 74],
    [8, 75],
    [8, 78],
    [8, 79],
    [8, 82],
    [8, 83],
    [8, 94],
    [8, 96],
    [8, 98],
    [9, 14],
    [9, 28],
    [9, 31],
    [9, 36],
    [9, 39],
    [9, 46],
    [9, 48],
    [9, 51],
    [9, 84],
    [9, 90],
    [10, 16],
    [10, 27],
    [10, 37],
    [10, 40],
    [10, 41],
    [10, 44],
    [10, 57],
    [10, 60],
    [10, 69],
    [10, 70],
    [10, 72],
    [10, 83],
    [10, 87],
    [10, 91],
    [11, 13],
    [11, 15],
    [11, 20],
    [11, 24],
    [11, 26],
    [11, 33],
    [11, 38],
    [11, 43],
    [11, 47],
    [11, 49],
    [11, 54],
    [11, 57],
    [11, 58],
    [11, 61],
    [11, 62],
    [11, 63],
    [11, 65],
    [11, 66],
    [11, 67],
    [11, 73],
    [11, 76],
    [11, 81],
    [11, 86],
    [11, 95],
    [11, 99],
    [12, 17],
    [12, 28],
    [12, 31],
    [12, 34],
    [12, 36],
    [12, 43],
    [12, 46],
    [12, 47],
    [12, 48],
    [12, 55],
    [12, 56],
    [12, 63],
    [12, 64],
    [12, 76],
    [12, 80],
    [12, 86],
    [12, 89],
    [12, 93],
    [12, 95],
    [13, 19],
    [13, 21],
    [13, 23],
    [13, 24],
    [13, 26],
    [13, 27],
    [13, 33],
    [13, 35],
    [13, 40],
    [13, 47],
    [13, 52],
    [13, 53],
    [13, 57],
    [13, 59],
    [13, 60],
    [13, 65],
    [13, 69],
    [13, 70],
    [13, 74],
    [13, 75],
    [13, 79],
    [13, 86],
    [13, 87],
    [13, 91],
    [13, 95],
    [13, 96],
    [14, 28],
    [14, 31],
    [14, 34],
    [14, 36],
    [14, 39],
    [14, 46],
    [14, 48],
    [14, 51],
    [14, 55],
    [14, 56],
    [14, 80],
    [14, 84],
    [14, 85],
    [14, 90],
    [14, 97],
    [15, 20],
    [15, 26],
    [15, 33],
    [15, 49],
    [15, 54],
    [15, 58],
    [15, 61],
    [15, 62],
    [15, 66],
    [15, 67],
    [15, 73],
    [15, 76],
    [15, 77],
    [15, 81],
    [15, 88],
    [15, 92],
    [15, 99],
    [16, 25],
    [16, 38],
    [16, 41],
    [16, 52],
    [16, 57],
    [16, 69],
    [16, 70],
    [16, 72],
    [16, 87],
    [16, 91],
    [17, 20],
    [17, 31],
    [17, 33],
    [17, 36],
    [17, 43],
    [17, 45],
    [17, 47],
    [17, 54],
    [17, 56],
    [17, 58],
    [17, 62],
    [17, 63],
    [17, 64],
    [17, 67],
    [17, 76],
    [17, 80],
    [17, 86],
    [17, 89],
    [17, 93],
    [17, 95],
    [17, 99],
    [18, 22],
    [18, 29],
    [18, 30],
    [18, 32],
    [18, 37],
    [18, 40],
    [18, 42],
    [18, 44],
    [18, 50],
    [18, 60],
    [18, 68],
    [18, 71],
    [18, 78],
    [18, 82],
    [18, 83],
    [18, 94],
    [18, 98],
    [19, 21],
    [19, 23],
    [19, 27],
    [19, 33],
    [19, 34],
    [19, 35],
    [19, 47],
    [19, 53],
    [19, 55],
    [19, 56],
    [19, 59],
    [19, 60],
    [19, 63],
    [19, 65],
    [19, 68],
    [19, 74],
    [19, 75],
    [19, 79],
    [19, 80],
    [19, 86],
    [19, 95],
    [19, 96],
    [20, 24],
    [20, 26],
    [20, 33],
    [20, 43],
    [20, 45],
    [20, 49],
    [20, 54],
    [20, 58],
    [20, 61],
    [20, 62],
    [20, 63],
    [20, 66],
    [20, 67],
    [20, 73],
    [20, 76],
    [20, 77],
    [20, 81],
    [20, 86],
    [20, 88],
    [20, 92],
    [20, 95],
    [20, 99],
    [21, 22],
    [21, 23],
    [21, 27],
    [21, 34],
    [21, 35],
